	Repeat	Length	GC%	Telomere	Repetitive Sequence
chr_101_5'	AAAACCCT	128	0.375	Y	AAAACCCTAAAACCCTAAAACCCTAAAACCCTAAAACCCTAAAACCCTAAAAACCCTAAACCCTAAAACCCTAAAACCCTAAAACCCTAAAACCCTAAAAACCCTAAAACCCTAAAACCCTAAACCCT
chr_101_3'	TAATAATAAAAT	60	0.0	N	TAATAATAAAATTAATAATAAAATTAATAATAAAATTAATAATAAAATTAATAATAAAAT
chr_102_5'	TAATA	10	0.0	N	TAATATAATA
chr_102_3'	TTAGGGTT	48	0.375	Y	TTAGGGTTTTAGGGTTTTAGGGTTTTAGGGTTTTAGGGTTTTAGGGTT
chr_201_5'	AAACCCTA	79	0.379746835443038	Y	AAACCCTAAAACCCTAAAACCCTAAAACCCTAAAACCCTAAAACCCTAAAACCCTAAACCCTAAAACCCTAAAACCCTA
chr_201_3'	ATAATA	30	0.0	N	ATAATAATAATAATAATAATAATAATAATA
chr_202_5'	TATATA	18	0.05555555555555555	N	TATATATATATACATATA
chr_202_3'	TTTAGGGT	194	0.3711340206185567	Y	TTTAGGGTTTTAGGGTTTTAGGGTTTTAGGGTTTTAGGGTTTTAGGGTTTTAGGGTTTTAGGGTTTTAGGGTTTTTAGGGTTTTAGGGTTTTAGGGTTTTAGGGTTTTAGGGTTTTAGGGTTTTAGGGTTTTAGGGTTTTAGGGTTTTAGGGTTTTAGGGTTTTTAGGGTTTTAGGGTTTTAGGGTTTTAGGGT
chr_301_5'	CCCTAAAA	110	0.4	Y	CCCTAAAACCCTAAAACCCTAAAACCCTAAAACCCTAAAACCCTAAACCCTAAAACCCTAAAACCCTAAACCCTAAAACCCTAAAACCCTAAAACCCTAAAGCCCTAAAG
chr_301_3'	ATAAAATAA	198	0.0	N	ATAAAATAAATAAAATAAATAAAATAAATAAAATAAATAAAATAAATAAAATAAATAAAATAAATAAAATAAATAAAATAAATAAAATAAATAAAATAAATAAAATAAATAAAATAAATAAAATAAATAAAATAAATAAAATAAATAAAATAAATAAAATAAATAAAATAAATAAAATAAATAAAATAAATAAAATAA
chr_302_5'	TTATT	10	0.0	N	TTATTTTTAT
chr_302_3'	AGGGTTT	102	0.38235294117647056	Y	AGGGTTTTAGGGTTTAGGGTTTTAGGGTTTTAGGGTTTTAGGGTTTTAGGGTTTTAGGGTTTAGGGTTTTTTAGGGTTTTAGGGTTTTAGGGTTTTAGGGTT
chr_401_5'	AAACCCTA	71	0.38028169014084506	Y	AAACCCTAAAACCCTAAACCCTAAAACCCTAAAACCCTAAAACCCTAAAACCCTAAAAACCCTAAAACCCT
chr_401_3'	NA	NA	NA	N	NA
chr_402_5'	TAATAAAA	16	0.0	N	TAATAAAATAATAAAA
chr_402_3'	TTTAGGGT	40	0.375	Y	TTTAGGGTTTTAGGGTTTTAGGGTTTTAGGGTTTTAGGGT
chr_501_5'	CCCTAAAA	67	0.3582089552238806	Y	CCCTAAAACCCTAAAACCCTAATAAAACCCTAAAACCCTAAAACCCTAAAAACCCTAAAACCCTAAT
chr_501_3'	AAAAAAA	28	0.0	N	AAAAAAAAAAAAAAAAAAAAAAAAAAAA
chr_502_5'	ATAATA	12	0.0	N	ATAATAATAATA
chr_502_3'	TTTAGGGT	79	0.379746835443038	Y	TTTAGGGTTTTAGGGTTTTTAGGGTTTTAGGGTTTTAGGGTTTTAGGGTTTTAGGGTTTAGGGTTTAGGGTTTTAGGGT
chr_601_5'	AAACCCTA	40	0.375	Y	AAACCCTAAAACCCTAAAACCCTAAAACCCTAAAACCCTA
chr_601_3'	TTAGGGTT	71	0.38028169014084506	Y	TTAGGGTTTTAGGGTTTTAGGGTTTTAGGGTTTTAGGGTTTTAGGGTTTTAGGGTTTAGGGTTTTAGGGTT
chr_701_5'	AAACCCTA	79	0.379746835443038	Y	AAACCCTAAAACCCTAAAACCCTAAAACCCTAAAACCCTAAACCCTAAAACCCTAAAACCCTAAAACCCTAAAACCCAA
chr_701_3'	GTTTTA	12	0.16666666666666666	N	GTTTTAGTTTTA
chr_702_5'	TAAATT	24	0.08333333333333333	N	TAAATTTAAATTTTAAACTAGATT
chr_702_3'	TTAGGGTT	98	0.3673469387755102	Y	TTAGGGTTTTAGGGTTTTAGGGTTTTAGGGTTTTAGGGTTTTAGGGTTTTAGGGTTTAGGGTTTTAGGGTTTTAGGGTTTTATTAGGGTTTTAGGGTT
chr_801_5'	TAAAACCC	56	0.375	Y	TAAAACCCTAAAACCCTAAAACCCTAAAACCCTAACACCCTAAAATCCCTAAAACC
chr_801_3'	AAAAT	20	0.0	N	AAAATTAAAATAAATAAAAA
chr_802_5'	TAAATAAAA	36	0.0	N	TAAATAAAATAAATAAAATAAATAAAATAAATAAAA
chr_802_3'	TTAGGGTT	142	0.38028169014084506	Y	TTAGGGTTTTAGGGTTTTAGGGTTTTAGGGTTTTAGGGTTTTAGGGTTTAGGGTTTTAGGGTTTTAGGGTTTTAGGGTTTTAGGGTTTTAGGGTTTTAGGGTTTTAGGGTTTTAGGGTTTAGGGTTTTAGGGTTTTAGGGTT
